{"data":[{"files":[{"branches":[[29,22,29,23,9,1,0,0,4]],"expansions":[],"filename":"/Users/kmorris/Desktop/HashTableMovieReviewer2021/experimentmain.cpp","segments":[[8,12,1,true,true,false],[10,1,0,false,true,false],[10,1,1,true,false,false],[14,1,0,false,true,false],[14,1,1,true,false,false],[17,1,0,false,true,false],[17,1,1,true,false,false],[28,1,0,false,true,false],[28,1,1,true,false,false],[29,30,9,true,false,true],[30,9,9,true,true,false],[30,29,1,true,false,false],[31,1,0,false,true,false],[32,1,1,true,false,false],[34,2,0,false,false,false]],"summary":{"branches":{"count":2,"covered":2,"notcovered":0,"percent":100},"functions":{"count":1,"covered":1,"percent":100},"instantiations":{"count":1,"covered":1,"percent":100},"lines":{"count":21,"covered":21,"percent":100},"regions":{"count":2,"covered":2,"notcovered":0,"percent":100}}}],"functions":[{"branches":[[29,22,29,23,9,1,0,0,4]],"count":1,"filenames":["/Users/kmorris/Desktop/HashTableMovieReviewer2021/experimentmain.cpp"],"name":"main","regions":[[8,12,34,2,1,0,0,0],[10,1,10,1,0,0,0,2],[14,1,14,1,0,0,0,2],[17,1,17,1,0,0,0,2],[28,1,28,1,0,0,0,2],[29,30,30,9,9,0,0,3],[30,9,30,29,9,0,0,0],[31,1,32,1,0,0,0,2]]}],"totals":{"branches":{"count":2,"covered":2,"notcovered":0,"percent":100},"functions":{"count":1,"covered":1,"percent":100},"instantiations":{"count":1,"covered":1,"percent":100},"lines":{"count":21,"covered":21,"percent":100},"regions":{"count":2,"covered":2,"notcovered":0,"percent":100}}}],"type":"llvm.coverage.json.export","version":"2.0.1"}